name,path,sha,size,url,html_url,git_url,download_url,type,self,git,html
agate.png,Dark-Resized/agate.png,13f03a5a52c61d8f637681ff9a9be8c7b4238e25,119452,https://api.github.com/repos/k0shk0sh/FastHub-code-theme-images/contents/Dark-Resized/agate.png?ref=master,https://github.com/k0shk0sh/FastHub-code-theme-images/blob/master/Dark-Resized/agate.png,https://api.github.com/repos/k0shk0sh/FastHub-code-theme-images/git/blobs/13f03a5a52c61d8f637681ff9a9be8c7b4238e25,https://raw.githubusercontent.com/k0shk0sh/FastHub-code-theme-images/master/Dark-Resized/agate.png,file,https://api.github.com/repos/k0shk0sh/FastHub-code-theme-images/contents/Dark-Resized/agate.png?ref=master,https://api.github.com/repos/k0shk0sh/FastHub-code-theme-images/git/blobs/13f03a5a52c61d8f637681ff9a9be8c7b4238e25,https://github.com/k0shk0sh/FastHub-code-theme-images/blob/master/Dark-Resized/agate.png
androidstudio.png,Dark-Resized/androidstudio.png,3793cdff10dfd5d6ccb6900668223e318dd4a7b2,110250,https://api.github.com/repos/k0shk0sh/FastHub-code-theme-images/contents/Dark-Resized/androidstudio.png?ref=master,https://github.com/k0shk0sh/FastHub-code-theme-images/blob/master/Dark-Resized/androidstudio.png,https://api.github.com/repos/k0shk0sh/FastHub-code-theme-images/git/blobs/3793cdff10dfd5d6ccb6900668223e318dd4a7b2,https://raw.githubusercontent.com/k0shk0sh/FastHub-code-theme-images/master/Dark-Resized/androidstudio.png,file,https://api.github.com/repos/k0shk0sh/FastHub-code-theme-images/contents/Dark-Resized/androidstudio.png?ref=master,https://api.github.com/repos/k0shk0sh/FastHub-code-theme-images/git/blobs/3793cdff10dfd5d6ccb6900668223e318dd4a7b2,https://github.com/k0shk0sh/FastHub-code-theme-images/blob/master/Dark-Resized/androidstudio.png
arduino-light.png,Dark-Resized/arduino-light.png,e51f4d5f66c31bdeb87a85ae300dd0facf8e1ecd,97972,https://api.github.com/repos/k0shk0sh/FastHub-code-theme-images/contents/Dark-Resized/arduino-light.png?ref=master,https://github.com/k0shk0sh/FastHub-code-theme-images/blob/master/Dark-Resized/arduino-light.png,https://api.github.com/repos/k0shk0sh/FastHub-code-theme-images/git/blobs/e51f4d5f66c31bdeb87a85ae300dd0facf8e1ecd,https://raw.githubusercontent.com/k0shk0sh/FastHub-code-theme-images/master/Dark-Resized/arduino-light.png,file,https://api.github.com/repos/k0shk0sh/FastHub-code-theme-images/contents/Dark-Resized/arduino-light.png?ref=master,https://api.github.com/repos/k0shk0sh/FastHub-code-theme-images/git/blobs/e51f4d5f66c31bdeb87a85ae300dd0facf8e1ecd,https://github.com/k0shk0sh/FastHub-code-theme-images/blob/master/Dark-Resized/arduino-light.png
arta.png,Dark-Resized/arta.png,a21b338d93ba84a64b4d091a1feb730979db6154,107954,https://api.github.com/repos/k0shk0sh/FastHub-code-theme-images/contents/Dark-Resized/arta.png?ref=master,https://github.com/k0shk0sh/FastHub-code-theme-images/blob/master/Dark-Resized/arta.png,https://api.github.com/repos/k0shk0sh/FastHub-code-theme-images/git/blobs/a21b338d93ba84a64b4d091a1feb730979db6154,https://raw.githubusercontent.com/k0shk0sh/FastHub-code-theme-images/master/Dark-Resized/arta.png,file,https://api.github.com/repos/k0shk0sh/FastHub-code-theme-images/contents/Dark-Resized/arta.png?ref=master,https://api.github.com/repos/k0shk0sh/FastHub-code-theme-images/git/blobs/a21b338d93ba84a64b4d091a1feb730979db6154,https://github.com/k0shk0sh/FastHub-code-theme-images/blob/master/Dark-Resized/arta.png
ascetic.png,Dark-Resized/ascetic.png,6fffff6ae12a4888919161798b96cd14cfce189d,82920,https://api.github.com/repos/k0shk0sh/FastHub-code-theme-images/contents/Dark-Resized/ascetic.png?ref=master,https://github.com/k0shk0sh/FastHub-code-theme-images/blob/master/Dark-Resized/ascetic.png,https://api.github.com/repos/k0shk0sh/FastHub-code-theme-images/git/blobs/6fffff6ae12a4888919161798b96cd14cfce189d,https://raw.githubusercontent.com/k0shk0sh/FastHub-code-theme-images/master/Dark-Resized/ascetic.png,file,https://api.github.com/repos/k0shk0sh/FastHub-code-theme-images/contents/Dark-Resized/ascetic.png?ref=master,https://api.github.com/repos/k0shk0sh/FastHub-code-theme-images/git/blobs/6fffff6ae12a4888919161798b96cd14cfce189d,https://github.com/k0shk0sh/FastHub-code-theme-images/blob/master/Dark-Resized/ascetic.png
atelier-cave-dark.png,Dark-Resized/atelier-cave-dark.png,d17b4202254aee5d9cc0c6f22b6876a490c83d32,104838,https://api.github.com/repos/k0shk0sh/FastHub-code-theme-images/contents/Dark-Resized/atelier-cave-dark.png?ref=master,https://github.com/k0shk0sh/FastHub-code-theme-images/blob/master/Dark-Resized/atelier-cave-dark.png,https://api.github.com/repos/k0shk0sh/FastHub-code-theme-images/git/blobs/d17b4202254aee5d9cc0c6f22b6876a490c83d32,https://raw.githubusercontent.com/k0shk0sh/FastHub-code-theme-images/master/Dark-Resized/atelier-cave-dark.png,file,https://api.github.com/repos/k0shk0sh/FastHub-code-theme-images/contents/Dark-Resized/atelier-cave-dark.png?ref=master,https://api.github.com/repos/k0shk0sh/FastHub-code-theme-images/git/blobs/d17b4202254aee5d9cc0c6f22b6876a490c83d32,https://github.com/k0shk0sh/FastHub-code-theme-images/blob/master/Dark-Resized/atelier-cave-dark.png
atelier-cave-light.png,Dark-Resized/atelier-cave-light.png,19def6111f0be4339c498c040bed959230f7aa19,97368,https://api.github.com/repos/k0shk0sh/FastHub-code-theme-images/contents/Dark-Resized/atelier-cave-light.png?ref=master,https://github.com/k0shk0sh/FastHub-code-theme-images/blob/master/Dark-Resized/atelier-cave-light.png,https://api.github.com/repos/k0shk0sh/FastHub-code-theme-images/git/blobs/19def6111f0be4339c498c040bed959230f7aa19,https://raw.githubusercontent.com/k0shk0sh/FastHub-code-theme-images/master/Dark-Resized/atelier-cave-light.png,file,https://api.github.com/repos/k0shk0sh/FastHub-code-theme-images/contents/Dark-Resized/atelier-cave-light.png?ref=master,https://api.github.com/repos/k0shk0sh/FastHub-code-theme-images/git/blobs/19def6111f0be4339c498c040bed959230f7aa19,https://github.com/k0shk0sh/FastHub-code-theme-images/blob/master/Dark-Resized/atelier-cave-light.png
atelier-dune-dark.png,Dark-Resized/atelier-dune-dark.png,365222acc270316c2c69abdb5bf2bc026b12b543,110470,https://api.github.com/repos/k0shk0sh/FastHub-code-theme-images/contents/Dark-Resized/atelier-dune-dark.png?ref=master,https://github.com/k0shk0sh/FastHub-code-theme-images/blob/master/Dark-Resized/atelier-dune-dark.png,https://api.github.com/repos/k0shk0sh/FastHub-code-theme-images/git/blobs/365222acc270316c2c69abdb5bf2bc026b12b543,https://raw.githubusercontent.com/k0shk0sh/FastHub-code-theme-images/master/Dark-Resized/atelier-dune-dark.png,file,https://api.github.com/repos/k0shk0sh/FastHub-code-theme-images/contents/Dark-Resized/atelier-dune-dark.png?ref=master,https://api.github.com/repos/k0shk0sh/FastHub-code-theme-images/git/blobs/365222acc270316c2c69abdb5bf2bc026b12b543,https://github.com/k0shk0sh/FastHub-code-theme-images/blob/master/Dark-Resized/atelier-dune-dark.png
atelier-dune-light.png,Dark-Resized/atelier-dune-light.png,332ae0ccb60bf5996909fef90213e1799ae9d8e9,103848,https://api.github.com/repos/k0shk0sh/FastHub-code-theme-images/contents/Dark-Resized/atelier-dune-light.png?ref=master,https://github.com/k0shk0sh/FastHub-code-theme-images/blob/master/Dark-Resized/atelier-dune-light.png,https://api.github.com/repos/k0shk0sh/FastHub-code-theme-images/git/blobs/332ae0ccb60bf5996909fef90213e1799ae9d8e9,https://raw.githubusercontent.com/k0shk0sh/FastHub-code-theme-images/master/Dark-Resized/atelier-dune-light.png,file,https://api.github.com/repos/k0shk0sh/FastHub-code-theme-images/contents/Dark-Resized/atelier-dune-light.png?ref=master,https://api.github.com/repos/k0shk0sh/FastHub-code-theme-images/git/blobs/332ae0ccb60bf5996909fef90213e1799ae9d8e9,https://github.com/k0shk0sh/FastHub-code-theme-images/blob/master/Dark-Resized/atelier-dune-light.png
atelier-estuary-dark.png,Dark-Resized/atelier-estuary-dark.png,cb40a06acee7153b6d52e847dca73ffc91db49f0,105755,https://api.github.com/repos/k0shk0sh/FastHub-code-theme-images/contents/Dark-Resized/atelier-estuary-dark.png?ref=master,https://github.com/k0shk0sh/FastHub-code-theme-images/blob/master/Dark-Resized/atelier-estuary-dark.png,https://api.github.com/repos/k0shk0sh/FastHub-code-theme-images/git/blobs/cb40a06acee7153b6d52e847dca73ffc91db49f0,https://raw.githubusercontent.com/k0shk0sh/FastHub-code-theme-images/master/Dark-Resized/atelier-estuary-dark.png,file,https://api.github.com/repos/k0shk0sh/FastHub-code-theme-images/contents/Dark-Resized/atelier-estuary-dark.png?ref=master,https://api.github.com/repos/k0shk0sh/FastHub-code-theme-images/git/blobs/cb40a06acee7153b6d52e847dca73ffc91db49f0,https://github.com/k0shk0sh/FastHub-code-theme-images/blob/master/Dark-Resized/atelier-estuary-dark.png
atelier-estuary-light.png,Dark-Resized/atelier-estuary-light.png,09a3e6c02da0cd56bd892f3c6f4645c226afc248,98839,https://api.github.com/repos/k0shk0sh/FastHub-code-theme-images/contents/Dark-Resized/atelier-estuary-light.png?ref=master,https://github.com/k0shk0sh/FastHub-code-theme-images/blob/master/Dark-Resized/atelier-estuary-light.png,https://api.github.com/repos/k0shk0sh/FastHub-code-theme-images/git/blobs/09a3e6c02da0cd56bd892f3c6f4645c226afc248,https://raw.githubusercontent.com/k0shk0sh/FastHub-code-theme-images/master/Dark-Resized/atelier-estuary-light.png,file,https://api.github.com/repos/k0shk0sh/FastHub-code-theme-images/contents/Dark-Resized/atelier-estuary-light.png?ref=master,https://api.github.com/repos/k0shk0sh/FastHub-code-theme-images/git/blobs/09a3e6c02da0cd56bd892f3c6f4645c226afc248,https://github.com/k0shk0sh/FastHub-code-theme-images/blob/master/Dark-Resized/atelier-estuary-light.png
atelier-forest-dark.png,Dark-Resized/atelier-forest-dark.png,f414154526f7ea2b5c1da55b8ec1256bd2213ada,109321,https://api.github.com/repos/k0shk0sh/FastHub-code-theme-images/contents/Dark-Resized/atelier-forest-dark.png?ref=master,https://github.com/k0shk0sh/FastHub-code-theme-images/blob/master/Dark-Resized/atelier-forest-dark.png,https://api.github.com/repos/k0shk0sh/FastHub-code-theme-images/git/blobs/f414154526f7ea2b5c1da55b8ec1256bd2213ada,https://raw.githubusercontent.com/k0shk0sh/FastHub-code-theme-images/master/Dark-Resized/atelier-forest-dark.png,file,https://api.github.com/repos/k0shk0sh/FastHub-code-theme-images/contents/Dark-Resized/atelier-forest-dark.png?ref=master,https://api.github.com/repos/k0shk0sh/FastHub-code-theme-images/git/blobs/f414154526f7ea2b5c1da55b8ec1256bd2213ada,https://github.com/k0shk0sh/FastHub-code-theme-images/blob/master/Dark-Resized/atelier-forest-dark.png
atelier-forest-light.png,Dark-Resized/atelier-forest-light.png,00476bee17343354047ec2c031c5f93bd35c9684,101618,https://api.github.com/repos/k0shk0sh/FastHub-code-theme-images/contents/Dark-Resized/atelier-forest-light.png?ref=master,https://github.com/k0shk0sh/FastHub-code-theme-images/blob/master/Dark-Resized/atelier-forest-light.png,https://api.github.com/repos/k0shk0sh/FastHub-code-theme-images/git/blobs/00476bee17343354047ec2c031c5f93bd35c9684,https://raw.githubusercontent.com/k0shk0sh/FastHub-code-theme-images/master/Dark-Resized/atelier-forest-light.png,file,https://api.github.com/repos/k0shk0sh/FastHub-code-theme-images/contents/Dark-Resized/atelier-forest-light.png?ref=master,https://api.github.com/repos/k0shk0sh/FastHub-code-theme-images/git/blobs/00476bee17343354047ec2c031c5f93bd35c9684,https://github.com/k0shk0sh/FastHub-code-theme-images/blob/master/Dark-Resized/atelier-forest-light.png
atelier-heath-dark.png,Dark-Resized/atelier-heath-dark.png,3bb34becda884a29f0555cdb76d1444212795e9e,107228,https://api.github.com/repos/k0shk0sh/FastHub-code-theme-images/contents/Dark-Resized/atelier-heath-dark.png?ref=master,https://github.com/k0shk0sh/FastHub-code-theme-images/blob/master/Dark-Resized/atelier-heath-dark.png,https://api.github.com/repos/k0shk0sh/FastHub-code-theme-images/git/blobs/3bb34becda884a29f0555cdb76d1444212795e9e,https://raw.githubusercontent.com/k0shk0sh/FastHub-code-theme-images/master/Dark-Resized/atelier-heath-dark.png,file,https://api.github.com/repos/k0shk0sh/FastHub-code-theme-images/contents/Dark-Resized/atelier-heath-dark.png?ref=master,https://api.github.com/repos/k0shk0sh/FastHub-code-theme-images/git/blobs/3bb34becda884a29f0555cdb76d1444212795e9e,https://github.com/k0shk0sh/FastHub-code-theme-images/blob/master/Dark-Resized/atelier-heath-dark.png
atelier-heath-light.png,Dark-Resized/atelier-heath-light.png,19c7ff94c45f7c623b5a550dcfc7a5a0d273d56b,99470,https://api.github.com/repos/k0shk0sh/FastHub-code-theme-images/contents/Dark-Resized/atelier-heath-light.png?ref=master,https://github.com/k0shk0sh/FastHub-code-theme-images/blob/master/Dark-Resized/atelier-heath-light.png,https://api.github.com/repos/k0shk0sh/FastHub-code-theme-images/git/blobs/19c7ff94c45f7c623b5a550dcfc7a5a0d273d56b,https://raw.githubusercontent.com/k0shk0sh/FastHub-code-theme-images/master/Dark-Resized/atelier-heath-light.png,file,https://api.github.com/repos/k0shk0sh/FastHub-code-theme-images/contents/Dark-Resized/atelier-heath-light.png?ref=master,https://api.github.com/repos/k0shk0sh/FastHub-code-theme-images/git/blobs/19c7ff94c45f7c623b5a550dcfc7a5a0d273d56b,https://github.com/k0shk0sh/FastHub-code-theme-images/blob/master/Dark-Resized/atelier-heath-light.png
atelier-lakeside-dark.png,Dark-Resized/atelier-lakeside-dark.png,6b42368a73e12f5e146cc2f9f606e265feb5237d,104284,https://api.github.com/repos/k0shk0sh/FastHub-code-theme-images/contents/Dark-Resized/atelier-lakeside-dark.png?ref=master,https://github.com/k0shk0sh/FastHub-code-theme-images/blob/master/Dark-Resized/atelier-lakeside-dark.png,https://api.github.com/repos/k0shk0sh/FastHub-code-theme-images/git/blobs/6b42368a73e12f5e146cc2f9f606e265feb5237d,https://raw.githubusercontent.com/k0shk0sh/FastHub-code-theme-images/master/Dark-Resized/atelier-lakeside-dark.png,file,https://api.github.com/repos/k0shk0sh/FastHub-code-theme-images/contents/Dark-Resized/atelier-lakeside-dark.png?ref=master,https://api.github.com/repos/k0shk0sh/FastHub-code-theme-images/git/blobs/6b42368a73e12f5e146cc2f9f606e265feb5237d,https://github.com/k0shk0sh/FastHub-code-theme-images/blob/master/Dark-Resized/atelier-lakeside-dark.png
atelier-lakeside-light.png,Dark-Resized/atelier-lakeside-light.png,d2694ed2275d7d7558298f49230baa3b39adfe79,98570,https://api.github.com/repos/k0shk0sh/FastHub-code-theme-images/contents/Dark-Resized/atelier-lakeside-light.png?ref=master,https://github.com/k0shk0sh/FastHub-code-theme-images/blob/master/Dark-Resized/atelier-lakeside-light.png,https://api.github.com/repos/k0shk0sh/FastHub-code-theme-images/git/blobs/d2694ed2275d7d7558298f49230baa3b39adfe79,https://raw.githubusercontent.com/k0shk0sh/FastHub-code-theme-images/master/Dark-Resized/atelier-lakeside-light.png,file,https://api.github.com/repos/k0shk0sh/FastHub-code-theme-images/contents/Dark-Resized/atelier-lakeside-light.png?ref=master,https://api.github.com/repos/k0shk0sh/FastHub-code-theme-images/git/blobs/d2694ed2275d7d7558298f49230baa3b39adfe79,https://github.com/k0shk0sh/FastHub-code-theme-images/blob/master/Dark-Resized/atelier-lakeside-light.png
atelier-plateau-dark.png,Dark-Resized/atelier-plateau-dark.png,3ec1d66b6f4d01739535d6b9052028790a8d45df,104255,https://api.github.com/repos/k0shk0sh/FastHub-code-theme-images/contents/Dark-Resized/atelier-plateau-dark.png?ref=master,https://github.com/k0shk0sh/FastHub-code-theme-images/blob/master/Dark-Resized/atelier-plateau-dark.png,https://api.github.com/repos/k0shk0sh/FastHub-code-theme-images/git/blobs/3ec1d66b6f4d01739535d6b9052028790a8d45df,https://raw.githubusercontent.com/k0shk0sh/FastHub-code-theme-images/master/Dark-Resized/atelier-plateau-dark.png,file,https://api.github.com/repos/k0shk0sh/FastHub-code-theme-images/contents/Dark-Resized/atelier-plateau-dark.png?ref=master,https://api.github.com/repos/k0shk0sh/FastHub-code-theme-images/git/blobs/3ec1d66b6f4d01739535d6b9052028790a8d45df,https://github.com/k0shk0sh/FastHub-code-theme-images/blob/master/Dark-Resized/atelier-plateau-dark.png
atelier-plateau-light.png,Dark-Resized/atelier-plateau-light.png,984e13c1b13f6f13a9eb332e6065a85fe8123714,97045,https://api.github.com/repos/k0shk0sh/FastHub-code-theme-images/contents/Dark-Resized/atelier-plateau-light.png?ref=master,https://github.com/k0shk0sh/FastHub-code-theme-images/blob/master/Dark-Resized/atelier-plateau-light.png,https://api.github.com/repos/k0shk0sh/FastHub-code-theme-images/git/blobs/984e13c1b13f6f13a9eb332e6065a85fe8123714,https://raw.githubusercontent.com/k0shk0sh/FastHub-code-theme-images/master/Dark-Resized/atelier-plateau-light.png,file,https://api.github.com/repos/k0shk0sh/FastHub-code-theme-images/contents/Dark-Resized/atelier-plateau-light.png?ref=master,https://api.github.com/repos/k0shk0sh/FastHub-code-theme-images/git/blobs/984e13c1b13f6f13a9eb332e6065a85fe8123714,https://github.com/k0shk0sh/FastHub-code-theme-images/blob/master/Dark-Resized/atelier-plateau-light.png
atelier-savanna-dark.png,Dark-Resized/atelier-savanna-dark.png,341a680ac318dccac463ae997b8b8675066d1792,102858,https://api.github.com/repos/k0shk0sh/FastHub-code-theme-images/contents/Dark-Resized/atelier-savanna-dark.png?ref=master,https://github.com/k0shk0sh/FastHub-code-theme-images/blob/master/Dark-Resized/atelier-savanna-dark.png,https://api.github.com/repos/k0shk0sh/FastHub-code-theme-images/git/blobs/341a680ac318dccac463ae997b8b8675066d1792,https://raw.githubusercontent.com/k0shk0sh/FastHub-code-theme-images/master/Dark-Resized/atelier-savanna-dark.png,file,https://api.github.com/repos/k0shk0sh/FastHub-code-theme-images/contents/Dark-Resized/atelier-savanna-dark.png?ref=master,https://api.github.com/repos/k0shk0sh/FastHub-code-theme-images/git/blobs/341a680ac318dccac463ae997b8b8675066d1792,https://github.com/k0shk0sh/FastHub-code-theme-images/blob/master/Dark-Resized/atelier-savanna-dark.png
atelier-savanna-light.png,Dark-Resized/atelier-savanna-light.png,830f40ce4253bcdf6123a10ea7c591a730f56b8e,96344,https://api.github.com/repos/k0shk0sh/FastHub-code-theme-images/contents/Dark-Resized/atelier-savanna-light.png?ref=master,https://github.com/k0shk0sh/FastHub-code-theme-images/blob/master/Dark-Resized/atelier-savanna-light.png,https://api.github.com/repos/k0shk0sh/FastHub-code-theme-images/git/blobs/830f40ce4253bcdf6123a10ea7c591a730f56b8e,https://raw.githubusercontent.com/k0shk0sh/FastHub-code-theme-images/master/Dark-Resized/atelier-savanna-light.png,file,https://api.github.com/repos/k0shk0sh/FastHub-code-theme-images/contents/Dark-Resized/atelier-savanna-light.png?ref=master,https://api.github.com/repos/k0shk0sh/FastHub-code-theme-images/git/blobs/830f40ce4253bcdf6123a10ea7c591a730f56b8e,https://github.com/k0shk0sh/FastHub-code-theme-images/blob/master/Dark-Resized/atelier-savanna-light.png
atelier-seaside-dark.png,Dark-Resized/atelier-seaside-dark.png,eb3a3f48afd5ccac6697d1fe823185d955b0814b,106899,https://api.github.com/repos/k0shk0sh/FastHub-code-theme-images/contents/Dark-Resized/atelier-seaside-dark.png?ref=master,https://github.com/k0shk0sh/FastHub-code-theme-images/blob/master/Dark-Resized/atelier-seaside-dark.png,https://api.github.com/repos/k0shk0sh/FastHub-code-theme-images/git/blobs/eb3a3f48afd5ccac6697d1fe823185d955b0814b,https://raw.githubusercontent.com/k0shk0sh/FastHub-code-theme-images/master/Dark-Resized/atelier-seaside-dark.png,file,https://api.github.com/repos/k0shk0sh/FastHub-code-theme-images/contents/Dark-Resized/atelier-seaside-dark.png?ref=master,https://api.github.com/repos/k0shk0sh/FastHub-code-theme-images/git/blobs/eb3a3f48afd5ccac6697d1fe823185d955b0814b,https://github.com/k0shk0sh/FastHub-code-theme-images/blob/master/Dark-Resized/atelier-seaside-dark.png
atelier-seaside-light.png,Dark-Resized/atelier-seaside-light.png,167dcbb941114d818e8c757a5e2bb52fb581651f,100338,https://api.github.com/repos/k0shk0sh/FastHub-code-theme-images/contents/Dark-Resized/atelier-seaside-light.png?ref=master,https://github.com/k0shk0sh/FastHub-code-theme-images/blob/master/Dark-Resized/atelier-seaside-light.png,https://api.github.com/repos/k0shk0sh/FastHub-code-theme-images/git/blobs/167dcbb941114d818e8c757a5e2bb52fb581651f,https://raw.githubusercontent.com/k0shk0sh/FastHub-code-theme-images/master/Dark-Resized/atelier-seaside-light.png,file,https://api.github.com/repos/k0shk0sh/FastHub-code-theme-images/contents/Dark-Resized/atelier-seaside-light.png?ref=master,https://api.github.com/repos/k0shk0sh/FastHub-code-theme-images/git/blobs/167dcbb941114d818e8c757a5e2bb52fb581651f,https://github.com/k0shk0sh/FastHub-code-theme-images/blob/master/Dark-Resized/atelier-seaside-light.png
atelier-sulphurpool-dark.png,Dark-Resized/atelier-sulphurpool-dark.png,e9361a10642d00bce207164a16f682f9058bff4b,105938,https://api.github.com/repos/k0shk0sh/FastHub-code-theme-images/contents/Dark-Resized/atelier-sulphurpool-dark.png?ref=master,https://github.com/k0shk0sh/FastHub-code-theme-images/blob/master/Dark-Resized/atelier-sulphurpool-dark.png,https://api.github.com/repos/k0shk0sh/FastHub-code-theme-images/git/blobs/e9361a10642d00bce207164a16f682f9058bff4b,https://raw.githubusercontent.com/k0shk0sh/FastHub-code-theme-images/master/Dark-Resized/atelier-sulphurpool-dark.png,file,https://api.github.com/repos/k0shk0sh/FastHub-code-theme-images/contents/Dark-Resized/atelier-sulphurpool-dark.png?ref=master,https://api.github.com/repos/k0shk0sh/FastHub-code-theme-images/git/blobs/e9361a10642d00bce207164a16f682f9058bff4b,https://github.com/k0shk0sh/FastHub-code-theme-images/blob/master/Dark-Resized/atelier-sulphurpool-dark.png
atelier-sulphurpool-light.png,Dark-Resized/atelier-sulphurpool-light.png,998691e9a6f9ccff079681e530066a12d8391c44,101218,https://api.github.com/repos/k0shk0sh/FastHub-code-theme-images/contents/Dark-Resized/atelier-sulphurpool-light.png?ref=master,https://github.com/k0shk0sh/FastHub-code-theme-images/blob/master/Dark-Resized/atelier-sulphurpool-light.png,https://api.github.com/repos/k0shk0sh/FastHub-code-theme-images/git/blobs/998691e9a6f9ccff079681e530066a12d8391c44,https://raw.githubusercontent.com/k0shk0sh/FastHub-code-theme-images/master/Dark-Resized/atelier-sulphurpool-light.png,file,https://api.github.com/repos/k0shk0sh/FastHub-code-theme-images/contents/Dark-Resized/atelier-sulphurpool-light.png?ref=master,https://api.github.com/repos/k0shk0sh/FastHub-code-theme-images/git/blobs/998691e9a6f9ccff079681e530066a12d8391c44,https://github.com/k0shk0sh/FastHub-code-theme-images/blob/master/Dark-Resized/atelier-sulphurpool-light.png
atom-one-dark.png,Dark-Resized/atom-one-dark.png,a453206e3ccb5103ed2304d70300676f2ec188bf,111109,https://api.github.com/repos/k0shk0sh/FastHub-code-theme-images/contents/Dark-Resized/atom-one-dark.png?ref=master,https://github.com/k0shk0sh/FastHub-code-theme-images/blob/master/Dark-Resized/atom-one-dark.png,https://api.github.com/repos/k0shk0sh/FastHub-code-theme-images/git/blobs/a453206e3ccb5103ed2304d70300676f2ec188bf,https://raw.githubusercontent.com/k0shk0sh/FastHub-code-theme-images/master/Dark-Resized/atom-one-dark.png,file,https://api.github.com/repos/k0shk0sh/FastHub-code-theme-images/contents/Dark-Resized/atom-one-dark.png?ref=master,https://api.github.com/repos/k0shk0sh/FastHub-code-theme-images/git/blobs/a453206e3ccb5103ed2304d70300676f2ec188bf,https://github.com/k0shk0sh/FastHub-code-theme-images/blob/master/Dark-Resized/atom-one-dark.png
atom-one-light.png,Dark-Resized/atom-one-light.png,79b82616bd2910e342da7920cc93bde163dddeca,89744,https://api.github.com/repos/k0shk0sh/FastHub-code-theme-images/contents/Dark-Resized/atom-one-light.png?ref=master,https://github.com/k0shk0sh/FastHub-code-theme-images/blob/master/Dark-Resized/atom-one-light.png,https://api.github.com/repos/k0shk0sh/FastHub-code-theme-images/git/blobs/79b82616bd2910e342da7920cc93bde163dddeca,https://raw.githubusercontent.com/k0shk0sh/FastHub-code-theme-images/master/Dark-Resized/atom-one-light.png,file,https://api.github.com/repos/k0shk0sh/FastHub-code-theme-images/contents/Dark-Resized/atom-one-light.png?ref=master,https://api.github.com/repos/k0shk0sh/FastHub-code-theme-images/git/blobs/79b82616bd2910e342da7920cc93bde163dddeca,https://github.com/k0shk0sh/FastHub-code-theme-images/blob/master/Dark-Resized/atom-one-light.png
brown-paper.png,Dark-Resized/brown-paper.png,3945471268604d268db9b6155c957a99470168b0,100888,https://api.github.com/repos/k0shk0sh/FastHub-code-theme-images/contents/Dark-Resized/brown-paper.png?ref=master,https://github.com/k0shk0sh/FastHub-code-theme-images/blob/master/Dark-Resized/brown-paper.png,https://api.github.com/repos/k0shk0sh/FastHub-code-theme-images/git/blobs/3945471268604d268db9b6155c957a99470168b0,https://raw.githubusercontent.com/k0shk0sh/FastHub-code-theme-images/master/Dark-Resized/brown-paper.png,file,https://api.github.com/repos/k0shk0sh/FastHub-code-theme-images/contents/Dark-Resized/brown-paper.png?ref=master,https://api.github.com/repos/k0shk0sh/FastHub-code-theme-images/git/blobs/3945471268604d268db9b6155c957a99470168b0,https://github.com/k0shk0sh/FastHub-code-theme-images/blob/master/Dark-Resized/brown-paper.png
codepen-embed.png,Dark-Resized/codepen-embed.png,cb669a05ff101463d1497d34dd0163a17b220b7e,114722,https://api.github.com/repos/k0shk0sh/FastHub-code-theme-images/contents/Dark-Resized/codepen-embed.png?ref=master,https://github.com/k0shk0sh/FastHub-code-theme-images/blob/master/Dark-Resized/codepen-embed.png,https://api.github.com/repos/k0shk0sh/FastHub-code-theme-images/git/blobs/cb669a05ff101463d1497d34dd0163a17b220b7e,https://raw.githubusercontent.com/k0shk0sh/FastHub-code-theme-images/master/Dark-Resized/codepen-embed.png,file,https://api.github.com/repos/k0shk0sh/FastHub-code-theme-images/contents/Dark-Resized/codepen-embed.png?ref=master,https://api.github.com/repos/k0shk0sh/FastHub-code-theme-images/git/blobs/cb669a05ff101463d1497d34dd0163a17b220b7e,https://github.com/k0shk0sh/FastHub-code-theme-images/blob/master/Dark-Resized/codepen-embed.png
color-brewer.png,Dark-Resized/color-brewer.png,d929c66adffbee2a5935a1dd26186031455a885b,91492,https://api.github.com/repos/k0shk0sh/FastHub-code-theme-images/contents/Dark-Resized/color-brewer.png?ref=master,https://github.com/k0shk0sh/FastHub-code-theme-images/blob/master/Dark-Resized/color-brewer.png,https://api.github.com/repos/k0shk0sh/FastHub-code-theme-images/git/blobs/d929c66adffbee2a5935a1dd26186031455a885b,https://raw.githubusercontent.com/k0shk0sh/FastHub-code-theme-images/master/Dark-Resized/color-brewer.png,file,https://api.github.com/repos/k0shk0sh/FastHub-code-theme-images/contents/Dark-Resized/color-brewer.png?ref=master,https://api.github.com/repos/k0shk0sh/FastHub-code-theme-images/git/blobs/d929c66adffbee2a5935a1dd26186031455a885b,https://github.com/k0shk0sh/FastHub-code-theme-images/blob/master/Dark-Resized/color-brewer.png
darcula.png,Dark-Resized/darcula.png,0a3c3b9d0ca6f06437a4f2595d9f6b047bea600a,108494,https://api.github.com/repos/k0shk0sh/FastHub-code-theme-images/contents/Dark-Resized/darcula.png?ref=master,https://github.com/k0shk0sh/FastHub-code-theme-images/blob/master/Dark-Resized/darcula.png,https://api.github.com/repos/k0shk0sh/FastHub-code-theme-images/git/blobs/0a3c3b9d0ca6f06437a4f2595d9f6b047bea600a,https://raw.githubusercontent.com/k0shk0sh/FastHub-code-theme-images/master/Dark-Resized/darcula.png,file,https://api.github.com/repos/k0shk0sh/FastHub-code-theme-images/contents/Dark-Resized/darcula.png?ref=master,https://api.github.com/repos/k0shk0sh/FastHub-code-theme-images/git/blobs/0a3c3b9d0ca6f06437a4f2595d9f6b047bea600a,https://github.com/k0shk0sh/FastHub-code-theme-images/blob/master/Dark-Resized/darcula.png
dark.png,Dark-Resized/dark.png,065cfa3ea394e86e6fc26cd848db57aab1a1ac29,119509,https://api.github.com/repos/k0shk0sh/FastHub-code-theme-images/contents/Dark-Resized/dark.png?ref=master,https://github.com/k0shk0sh/FastHub-code-theme-images/blob/master/Dark-Resized/dark.png,https://api.github.com/repos/k0shk0sh/FastHub-code-theme-images/git/blobs/065cfa3ea394e86e6fc26cd848db57aab1a1ac29,https://raw.githubusercontent.com/k0shk0sh/FastHub-code-theme-images/master/Dark-Resized/dark.png,file,https://api.github.com/repos/k0shk0sh/FastHub-code-theme-images/contents/Dark-Resized/dark.png?ref=master,https://api.github.com/repos/k0shk0sh/FastHub-code-theme-images/git/blobs/065cfa3ea394e86e6fc26cd848db57aab1a1ac29,https://github.com/k0shk0sh/FastHub-code-theme-images/blob/master/Dark-Resized/dark.png
darkula.png,Dark-Resized/darkula.png,0a3c3b9d0ca6f06437a4f2595d9f6b047bea600a,108494,https://api.github.com/repos/k0shk0sh/FastHub-code-theme-images/contents/Dark-Resized/darkula.png?ref=master,https://github.com/k0shk0sh/FastHub-code-theme-images/blob/master/Dark-Resized/darkula.png,https://api.github.com/repos/k0shk0sh/FastHub-code-theme-images/git/blobs/0a3c3b9d0ca6f06437a4f2595d9f6b047bea600a,https://raw.githubusercontent.com/k0shk0sh/FastHub-code-theme-images/master/Dark-Resized/darkula.png,file,https://api.github.com/repos/k0shk0sh/FastHub-code-theme-images/contents/Dark-Resized/darkula.png?ref=master,https://api.github.com/repos/k0shk0sh/FastHub-code-theme-images/git/blobs/0a3c3b9d0ca6f06437a4f2595d9f6b047bea600a,https://github.com/k0shk0sh/FastHub-code-theme-images/blob/master/Dark-Resized/darkula.png
default.png,Dark-Resized/default.png,04febd1251b0a28bc736d85442bd9637e3fb03ca,91610,https://api.github.com/repos/k0shk0sh/FastHub-code-theme-images/contents/Dark-Resized/default.png?ref=master,https://github.com/k0shk0sh/FastHub-code-theme-images/blob/master/Dark-Resized/default.png,https://api.github.com/repos/k0shk0sh/FastHub-code-theme-images/git/blobs/04febd1251b0a28bc736d85442bd9637e3fb03ca,https://raw.githubusercontent.com/k0shk0sh/FastHub-code-theme-images/master/Dark-Resized/default.png,file,https://api.github.com/repos/k0shk0sh/FastHub-code-theme-images/contents/Dark-Resized/default.png?ref=master,https://api.github.com/repos/k0shk0sh/FastHub-code-theme-images/git/blobs/04febd1251b0a28bc736d85442bd9637e3fb03ca,https://github.com/k0shk0sh/FastHub-code-theme-images/blob/master/Dark-Resized/default.png
docco.png,Dark-Resized/docco.png,9ceb8b1b9df1ffb474c614f52fbbc0410e2edd17,95864,https://api.github.com/repos/k0shk0sh/FastHub-code-theme-images/contents/Dark-Resized/docco.png?ref=master,https://github.com/k0shk0sh/FastHub-code-theme-images/blob/master/Dark-Resized/docco.png,https://api.github.com/repos/k0shk0sh/FastHub-code-theme-images/git/blobs/9ceb8b1b9df1ffb474c614f52fbbc0410e2edd17,https://raw.githubusercontent.com/k0shk0sh/FastHub-code-theme-images/master/Dark-Resized/docco.png,file,https://api.github.com/repos/k0shk0sh/FastHub-code-theme-images/contents/Dark-Resized/docco.png?ref=master,https://api.github.com/repos/k0shk0sh/FastHub-code-theme-images/git/blobs/9ceb8b1b9df1ffb474c614f52fbbc0410e2edd17,https://github.com/k0shk0sh/FastHub-code-theme-images/blob/master/Dark-Resized/docco.png
dracula.png,Dark-Resized/dracula.png,26211cd924cb1af7f259cc5a8f89f0ecc5c737e4,125330,https://api.github.com/repos/k0shk0sh/FastHub-code-theme-images/contents/Dark-Resized/dracula.png?ref=master,https://github.com/k0shk0sh/FastHub-code-theme-images/blob/master/Dark-Resized/dracula.png,https://api.github.com/repos/k0shk0sh/FastHub-code-theme-images/git/blobs/26211cd924cb1af7f259cc5a8f89f0ecc5c737e4,https://raw.githubusercontent.com/k0shk0sh/FastHub-code-theme-images/master/Dark-Resized/dracula.png,file,https://api.github.com/repos/k0shk0sh/FastHub-code-theme-images/contents/Dark-Resized/dracula.png?ref=master,https://api.github.com/repos/k0shk0sh/FastHub-code-theme-images/git/blobs/26211cd924cb1af7f259cc5a8f89f0ecc5c737e4,https://github.com/k0shk0sh/FastHub-code-theme-images/blob/master/Dark-Resized/dracula.png
far.png,Dark-Resized/far.png,379ae522a45134b5dfc3090f22cdb2daec4e3bc2,129393,https://api.github.com/repos/k0shk0sh/FastHub-code-theme-images/contents/Dark-Resized/far.png?ref=master,https://github.com/k0shk0sh/FastHub-code-theme-images/blob/master/Dark-Resized/far.png,https://api.github.com/repos/k0shk0sh/FastHub-code-theme-images/git/blobs/379ae522a45134b5dfc3090f22cdb2daec4e3bc2,https://raw.githubusercontent.com/k0shk0sh/FastHub-code-theme-images/master/Dark-Resized/far.png,file,https://api.github.com/repos/k0shk0sh/FastHub-code-theme-images/contents/Dark-Resized/far.png?ref=master,https://api.github.com/repos/k0shk0sh/FastHub-code-theme-images/git/blobs/379ae522a45134b5dfc3090f22cdb2daec4e3bc2,https://github.com/k0shk0sh/FastHub-code-theme-images/blob/master/Dark-Resized/far.png
foundation.png,Dark-Resized/foundation.png,20227d129d6ad389889354972af08721d2226d8f,92605,https://api.github.com/repos/k0shk0sh/FastHub-code-theme-images/contents/Dark-Resized/foundation.png?ref=master,https://github.com/k0shk0sh/FastHub-code-theme-images/blob/master/Dark-Resized/foundation.png,https://api.github.com/repos/k0shk0sh/FastHub-code-theme-images/git/blobs/20227d129d6ad389889354972af08721d2226d8f,https://raw.githubusercontent.com/k0shk0sh/FastHub-code-theme-images/master/Dark-Resized/foundation.png,file,https://api.github.com/repos/k0shk0sh/FastHub-code-theme-images/contents/Dark-Resized/foundation.png?ref=master,https://api.github.com/repos/k0shk0sh/FastHub-code-theme-images/git/blobs/20227d129d6ad389889354972af08721d2226d8f,https://github.com/k0shk0sh/FastHub-code-theme-images/blob/master/Dark-Resized/foundation.png
github-gist.png,Dark-Resized/github-gist.png,eb9c12a38051acb969781adb2c65da92757f4a41,81986,https://api.github.com/repos/k0shk0sh/FastHub-code-theme-images/contents/Dark-Resized/github-gist.png?ref=master,https://github.com/k0shk0sh/FastHub-code-theme-images/blob/master/Dark-Resized/github-gist.png,https://api.github.com/repos/k0shk0sh/FastHub-code-theme-images/git/blobs/eb9c12a38051acb969781adb2c65da92757f4a41,https://raw.githubusercontent.com/k0shk0sh/FastHub-code-theme-images/master/Dark-Resized/github-gist.png,file,https://api.github.com/repos/k0shk0sh/FastHub-code-theme-images/contents/Dark-Resized/github-gist.png?ref=master,https://api.github.com/repos/k0shk0sh/FastHub-code-theme-images/git/blobs/eb9c12a38051acb969781adb2c65da92757f4a41,https://github.com/k0shk0sh/FastHub-code-theme-images/blob/master/Dark-Resized/github-gist.png
github.png,Dark-Resized/github.png,81ffecf9afe8762e421be17e9531e68dd1a90026,83557,https://api.github.com/repos/k0shk0sh/FastHub-code-theme-images/contents/Dark-Resized/github.png?ref=master,https://github.com/k0shk0sh/FastHub-code-theme-images/blob/master/Dark-Resized/github.png,https://api.github.com/repos/k0shk0sh/FastHub-code-theme-images/git/blobs/81ffecf9afe8762e421be17e9531e68dd1a90026,https://raw.githubusercontent.com/k0shk0sh/FastHub-code-theme-images/master/Dark-Resized/github.png,file,https://api.github.com/repos/k0shk0sh/FastHub-code-theme-images/contents/Dark-Resized/github.png?ref=master,https://api.github.com/repos/k0shk0sh/FastHub-code-theme-images/git/blobs/81ffecf9afe8762e421be17e9531e68dd1a90026,https://github.com/k0shk0sh/FastHub-code-theme-images/blob/master/Dark-Resized/github.png
googlecode.png,Dark-Resized/googlecode.png,4ba6a2b5e1ee73d360f98921cf345e387dbd4060,91910,https://api.github.com/repos/k0shk0sh/FastHub-code-theme-images/contents/Dark-Resized/googlecode.png?ref=master,https://github.com/k0shk0sh/FastHub-code-theme-images/blob/master/Dark-Resized/googlecode.png,https://api.github.com/repos/k0shk0sh/FastHub-code-theme-images/git/blobs/4ba6a2b5e1ee73d360f98921cf345e387dbd4060,https://raw.githubusercontent.com/k0shk0sh/FastHub-code-theme-images/master/Dark-Resized/googlecode.png,file,https://api.github.com/repos/k0shk0sh/FastHub-code-theme-images/contents/Dark-Resized/googlecode.png?ref=master,https://api.github.com/repos/k0shk0sh/FastHub-code-theme-images/git/blobs/4ba6a2b5e1ee73d360f98921cf345e387dbd4060,https://github.com/k0shk0sh/FastHub-code-theme-images/blob/master/Dark-Resized/googlecode.png
grayscale.png,Dark-Resized/grayscale.png,264bf30b8c919e059438ba0637bff09519d4cc26,75346,https://api.github.com/repos/k0shk0sh/FastHub-code-theme-images/contents/Dark-Resized/grayscale.png?ref=master,https://github.com/k0shk0sh/FastHub-code-theme-images/blob/master/Dark-Resized/grayscale.png,https://api.github.com/repos/k0shk0sh/FastHub-code-theme-images/git/blobs/264bf30b8c919e059438ba0637bff09519d4cc26,https://raw.githubusercontent.com/k0shk0sh/FastHub-code-theme-images/master/Dark-Resized/grayscale.png,file,https://api.github.com/repos/k0shk0sh/FastHub-code-theme-images/contents/Dark-Resized/grayscale.png?ref=master,https://api.github.com/repos/k0shk0sh/FastHub-code-theme-images/git/blobs/264bf30b8c919e059438ba0637bff09519d4cc26,https://github.com/k0shk0sh/FastHub-code-theme-images/blob/master/Dark-Resized/grayscale.png
gruvbox-dark.png,Dark-Resized/gruvbox-dark.png,b45370942d2891ecc966366d83cec88771c053f8,115523,https://api.github.com/repos/k0shk0sh/FastHub-code-theme-images/contents/Dark-Resized/gruvbox-dark.png?ref=master,https://github.com/k0shk0sh/FastHub-code-theme-images/blob/master/Dark-Resized/gruvbox-dark.png,https://api.github.com/repos/k0shk0sh/FastHub-code-theme-images/git/blobs/b45370942d2891ecc966366d83cec88771c053f8,https://raw.githubusercontent.com/k0shk0sh/FastHub-code-theme-images/master/Dark-Resized/gruvbox-dark.png,file,https://api.github.com/repos/k0shk0sh/FastHub-code-theme-images/contents/Dark-Resized/gruvbox-dark.png?ref=master,https://api.github.com/repos/k0shk0sh/FastHub-code-theme-images/git/blobs/b45370942d2891ecc966366d83cec88771c053f8,https://github.com/k0shk0sh/FastHub-code-theme-images/blob/master/Dark-Resized/gruvbox-dark.png
gruvbox-light.png,Dark-Resized/gruvbox-light.png,f9af0ff5c4ea30dbd95ce5820a65e9006bd9703b,90505,https://api.github.com/repos/k0shk0sh/FastHub-code-theme-images/contents/Dark-Resized/gruvbox-light.png?ref=master,https://github.com/k0shk0sh/FastHub-code-theme-images/blob/master/Dark-Resized/gruvbox-light.png,https://api.github.com/repos/k0shk0sh/FastHub-code-theme-images/git/blobs/f9af0ff5c4ea30dbd95ce5820a65e9006bd9703b,https://raw.githubusercontent.com/k0shk0sh/FastHub-code-theme-images/master/Dark-Resized/gruvbox-light.png,file,https://api.github.com/repos/k0shk0sh/FastHub-code-theme-images/contents/Dark-Resized/gruvbox-light.png?ref=master,https://api.github.com/repos/k0shk0sh/FastHub-code-theme-images/git/blobs/f9af0ff5c4ea30dbd95ce5820a65e9006bd9703b,https://github.com/k0shk0sh/FastHub-code-theme-images/blob/master/Dark-Resized/gruvbox-light.png
hopscotch.png,Dark-Resized/hopscotch.png,58cbfbc073622801c5e8025e65c73782b3b9d68b,112633,https://api.github.com/repos/k0shk0sh/FastHub-code-theme-images/contents/Dark-Resized/hopscotch.png?ref=master,https://github.com/k0shk0sh/FastHub-code-theme-images/blob/master/Dark-Resized/hopscotch.png,https://api.github.com/repos/k0shk0sh/FastHub-code-theme-images/git/blobs/58cbfbc073622801c5e8025e65c73782b3b9d68b,https://raw.githubusercontent.com/k0shk0sh/FastHub-code-theme-images/master/Dark-Resized/hopscotch.png,file,https://api.github.com/repos/k0shk0sh/FastHub-code-theme-images/contents/Dark-Resized/hopscotch.png?ref=master,https://api.github.com/repos/k0shk0sh/FastHub-code-theme-images/git/blobs/58cbfbc073622801c5e8025e65c73782b3b9d68b,https://github.com/k0shk0sh/FastHub-code-theme-images/blob/master/Dark-Resized/hopscotch.png
hybrid.png,Dark-Resized/hybrid.png,93095eb3b6679a3d21fbbdf027ee34c5fde0c3be,111882,https://api.github.com/repos/k0shk0sh/FastHub-code-theme-images/contents/Dark-Resized/hybrid.png?ref=master,https://github.com/k0shk0sh/FastHub-code-theme-images/blob/master/Dark-Resized/hybrid.png,https://api.github.com/repos/k0shk0sh/FastHub-code-theme-images/git/blobs/93095eb3b6679a3d21fbbdf027ee34c5fde0c3be,https://raw.githubusercontent.com/k0shk0sh/FastHub-code-theme-images/master/Dark-Resized/hybrid.png,file,https://api.github.com/repos/k0shk0sh/FastHub-code-theme-images/contents/Dark-Resized/hybrid.png?ref=master,https://api.github.com/repos/k0shk0sh/FastHub-code-theme-images/git/blobs/93095eb3b6679a3d21fbbdf027ee34c5fde0c3be,https://github.com/k0shk0sh/FastHub-code-theme-images/blob/master/Dark-Resized/hybrid.png
idea.png,Dark-Resized/idea.png,dd06ca6f8663e91af8ca63d81e281eed7b6d551c,90560,https://api.github.com/repos/k0shk0sh/FastHub-code-theme-images/contents/Dark-Resized/idea.png?ref=master,https://github.com/k0shk0sh/FastHub-code-theme-images/blob/master/Dark-Resized/idea.png,https://api.github.com/repos/k0shk0sh/FastHub-code-theme-images/git/blobs/dd06ca6f8663e91af8ca63d81e281eed7b6d551c,https://raw.githubusercontent.com/k0shk0sh/FastHub-code-theme-images/master/Dark-Resized/idea.png,file,https://api.github.com/repos/k0shk0sh/FastHub-code-theme-images/contents/Dark-Resized/idea.png?ref=master,https://api.github.com/repos/k0shk0sh/FastHub-code-theme-images/git/blobs/dd06ca6f8663e91af8ca63d81e281eed7b6d551c,https://github.com/k0shk0sh/FastHub-code-theme-images/blob/master/Dark-Resized/idea.png
ir-black.png,Dark-Resized/ir-black.png,dc58afd53fe663b53140aee4c811f32937452852,118098,https://api.github.com/repos/k0shk0sh/FastHub-code-theme-images/contents/Dark-Resized/ir-black.png?ref=master,https://github.com/k0shk0sh/FastHub-code-theme-images/blob/master/Dark-Resized/ir-black.png,https://api.github.com/repos/k0shk0sh/FastHub-code-theme-images/git/blobs/dc58afd53fe663b53140aee4c811f32937452852,https://raw.githubusercontent.com/k0shk0sh/FastHub-code-theme-images/master/Dark-Resized/ir-black.png,file,https://api.github.com/repos/k0shk0sh/FastHub-code-theme-images/contents/Dark-Resized/ir-black.png?ref=master,https://api.github.com/repos/k0shk0sh/FastHub-code-theme-images/git/blobs/dc58afd53fe663b53140aee4c811f32937452852,https://github.com/k0shk0sh/FastHub-code-theme-images/blob/master/Dark-Resized/ir-black.png
kimbie.dark.png,Dark-Resized/kimbie.dark.png,53e9844878f496803ba1e4ad2ce3b0a3cd6f48e6,111844,https://api.github.com/repos/k0shk0sh/FastHub-code-theme-images/contents/Dark-Resized/kimbie.dark.png?ref=master,https://github.com/k0shk0sh/FastHub-code-theme-images/blob/master/Dark-Resized/kimbie.dark.png,https://api.github.com/repos/k0shk0sh/FastHub-code-theme-images/git/blobs/53e9844878f496803ba1e4ad2ce3b0a3cd6f48e6,https://raw.githubusercontent.com/k0shk0sh/FastHub-code-theme-images/master/Dark-Resized/kimbie.dark.png,file,https://api.github.com/repos/k0shk0sh/FastHub-code-theme-images/contents/Dark-Resized/kimbie.dark.png?ref=master,https://api.github.com/repos/k0shk0sh/FastHub-code-theme-images/git/blobs/53e9844878f496803ba1e4ad2ce3b0a3cd6f48e6,https://github.com/k0shk0sh/FastHub-code-theme-images/blob/master/Dark-Resized/kimbie.dark.png
kimbie.light.png,Dark-Resized/kimbie.light.png,2ee6bcae1665dc64e978b9cb6b529d973265f357,102139,https://api.github.com/repos/k0shk0sh/FastHub-code-theme-images/contents/Dark-Resized/kimbie.light.png?ref=master,https://github.com/k0shk0sh/FastHub-code-theme-images/blob/master/Dark-Resized/kimbie.light.png,https://api.github.com/repos/k0shk0sh/FastHub-code-theme-images/git/blobs/2ee6bcae1665dc64e978b9cb6b529d973265f357,https://raw.githubusercontent.com/k0shk0sh/FastHub-code-theme-images/master/Dark-Resized/kimbie.light.png,file,https://api.github.com/repos/k0shk0sh/FastHub-code-theme-images/contents/Dark-Resized/kimbie.light.png?ref=master,https://api.github.com/repos/k0shk0sh/FastHub-code-theme-images/git/blobs/2ee6bcae1665dc64e978b9cb6b529d973265f357,https://github.com/k0shk0sh/FastHub-code-theme-images/blob/master/Dark-Resized/kimbie.light.png
magula.png,Dark-Resized/magula.png,bee042593b2595ffcf62916dd0dee05e1f833a32,95162,https://api.github.com/repos/k0shk0sh/FastHub-code-theme-images/contents/Dark-Resized/magula.png?ref=master,https://github.com/k0shk0sh/FastHub-code-theme-images/blob/master/Dark-Resized/magula.png,https://api.github.com/repos/k0shk0sh/FastHub-code-theme-images/git/blobs/bee042593b2595ffcf62916dd0dee05e1f833a32,https://raw.githubusercontent.com/k0shk0sh/FastHub-code-theme-images/master/Dark-Resized/magula.png,file,https://api.github.com/repos/k0shk0sh/FastHub-code-theme-images/contents/Dark-Resized/magula.png?ref=master,https://api.github.com/repos/k0shk0sh/FastHub-code-theme-images/git/blobs/bee042593b2595ffcf62916dd0dee05e1f833a32,https://github.com/k0shk0sh/FastHub-code-theme-images/blob/master/Dark-Resized/magula.png
mono-blue.png,Dark-Resized/mono-blue.png,41367ed99043a167a216993b47b0d462dac4cb76,93387,https://api.github.com/repos/k0shk0sh/FastHub-code-theme-images/contents/Dark-Resized/mono-blue.png?ref=master,https://github.com/k0shk0sh/FastHub-code-theme-images/blob/master/Dark-Resized/mono-blue.png,https://api.github.com/repos/k0shk0sh/FastHub-code-theme-images/git/blobs/41367ed99043a167a216993b47b0d462dac4cb76,https://raw.githubusercontent.com/k0shk0sh/FastHub-code-theme-images/master/Dark-Resized/mono-blue.png,file,https://api.github.com/repos/k0shk0sh/FastHub-code-theme-images/contents/Dark-Resized/mono-blue.png?ref=master,https://api.github.com/repos/k0shk0sh/FastHub-code-theme-images/git/blobs/41367ed99043a167a216993b47b0d462dac4cb76,https://github.com/k0shk0sh/FastHub-code-theme-images/blob/master/Dark-Resized/mono-blue.png
monokai-sublime.png,Dark-Resized/monokai-sublime.png,0d3935a746ff5ea3960649e282e2787221470776,116381,https://api.github.com/repos/k0shk0sh/FastHub-code-theme-images/contents/Dark-Resized/monokai-sublime.png?ref=master,https://github.com/k0shk0sh/FastHub-code-theme-images/blob/master/Dark-Resized/monokai-sublime.png,https://api.github.com/repos/k0shk0sh/FastHub-code-theme-images/git/blobs/0d3935a746ff5ea3960649e282e2787221470776,https://raw.githubusercontent.com/k0shk0sh/FastHub-code-theme-images/master/Dark-Resized/monokai-sublime.png,file,https://api.github.com/repos/k0shk0sh/FastHub-code-theme-images/contents/Dark-Resized/monokai-sublime.png?ref=master,https://api.github.com/repos/k0shk0sh/FastHub-code-theme-images/git/blobs/0d3935a746ff5ea3960649e282e2787221470776,https://github.com/k0shk0sh/FastHub-code-theme-images/blob/master/Dark-Resized/monokai-sublime.png
monokai.png,Dark-Resized/monokai.png,eab5bb1af871e22bacc8da62c5e07fe07792277a,117458,https://api.github.com/repos/k0shk0sh/FastHub-code-theme-images/contents/Dark-Resized/monokai.png?ref=master,https://github.com/k0shk0sh/FastHub-code-theme-images/blob/master/Dark-Resized/monokai.png,https://api.github.com/repos/k0shk0sh/FastHub-code-theme-images/git/blobs/eab5bb1af871e22bacc8da62c5e07fe07792277a,https://raw.githubusercontent.com/k0shk0sh/FastHub-code-theme-images/master/Dark-Resized/monokai.png,file,https://api.github.com/repos/k0shk0sh/FastHub-code-theme-images/contents/Dark-Resized/monokai.png?ref=master,https://api.github.com/repos/k0shk0sh/FastHub-code-theme-images/git/blobs/eab5bb1af871e22bacc8da62c5e07fe07792277a,https://github.com/k0shk0sh/FastHub-code-theme-images/blob/master/Dark-Resized/monokai.png
obsidian.png,Dark-Resized/obsidian.png,69b83c02c9f59f96f1bc7bde7187ac530e7cf77a,120113,https://api.github.com/repos/k0shk0sh/FastHub-code-theme-images/contents/Dark-Resized/obsidian.png?ref=master,https://github.com/k0shk0sh/FastHub-code-theme-images/blob/master/Dark-Resized/obsidian.png,https://api.github.com/repos/k0shk0sh/FastHub-code-theme-images/git/blobs/69b83c02c9f59f96f1bc7bde7187ac530e7cf77a,https://raw.githubusercontent.com/k0shk0sh/FastHub-code-theme-images/master/Dark-Resized/obsidian.png,file,https://api.github.com/repos/k0shk0sh/FastHub-code-theme-images/contents/Dark-Resized/obsidian.png?ref=master,https://api.github.com/repos/k0shk0sh/FastHub-code-theme-images/git/blobs/69b83c02c9f59f96f1bc7bde7187ac530e7cf77a,https://github.com/k0shk0sh/FastHub-code-theme-images/blob/master/Dark-Resized/obsidian.png
ocean.png,Dark-Resized/ocean.png,c44f1ed6422f41f1284130cc5fb8dad067d31600,110980,https://api.github.com/repos/k0shk0sh/FastHub-code-theme-images/contents/Dark-Resized/ocean.png?ref=master,https://github.com/k0shk0sh/FastHub-code-theme-images/blob/master/Dark-Resized/ocean.png,https://api.github.com/repos/k0shk0sh/FastHub-code-theme-images/git/blobs/c44f1ed6422f41f1284130cc5fb8dad067d31600,https://raw.githubusercontent.com/k0shk0sh/FastHub-code-theme-images/master/Dark-Resized/ocean.png,file,https://api.github.com/repos/k0shk0sh/FastHub-code-theme-images/contents/Dark-Resized/ocean.png?ref=master,https://api.github.com/repos/k0shk0sh/FastHub-code-theme-images/git/blobs/c44f1ed6422f41f1284130cc5fb8dad067d31600,https://github.com/k0shk0sh/FastHub-code-theme-images/blob/master/Dark-Resized/ocean.png
paraiso-dark.png,Dark-Resized/paraiso-dark.png,9d620876ef9dece0a5d5105dcb605437b6e054ae,111216,https://api.github.com/repos/k0shk0sh/FastHub-code-theme-images/contents/Dark-Resized/paraiso-dark.png?ref=master,https://github.com/k0shk0sh/FastHub-code-theme-images/blob/master/Dark-Resized/paraiso-dark.png,https://api.github.com/repos/k0shk0sh/FastHub-code-theme-images/git/blobs/9d620876ef9dece0a5d5105dcb605437b6e054ae,https://raw.githubusercontent.com/k0shk0sh/FastHub-code-theme-images/master/Dark-Resized/paraiso-dark.png,file,https://api.github.com/repos/k0shk0sh/FastHub-code-theme-images/contents/Dark-Resized/paraiso-dark.png?ref=master,https://api.github.com/repos/k0shk0sh/FastHub-code-theme-images/git/blobs/9d620876ef9dece0a5d5105dcb605437b6e054ae,https://github.com/k0shk0sh/FastHub-code-theme-images/blob/master/Dark-Resized/paraiso-dark.png
paraiso-light.png,Dark-Resized/paraiso-light.png,d0c172f5bba3573c62f3f58a436e555018a12461,99220,https://api.github.com/repos/k0shk0sh/FastHub-code-theme-images/contents/Dark-Resized/paraiso-light.png?ref=master,https://github.com/k0shk0sh/FastHub-code-theme-images/blob/master/Dark-Resized/paraiso-light.png,https://api.github.com/repos/k0shk0sh/FastHub-code-theme-images/git/blobs/d0c172f5bba3573c62f3f58a436e555018a12461,https://raw.githubusercontent.com/k0shk0sh/FastHub-code-theme-images/master/Dark-Resized/paraiso-light.png,file,https://api.github.com/repos/k0shk0sh/FastHub-code-theme-images/contents/Dark-Resized/paraiso-light.png?ref=master,https://api.github.com/repos/k0shk0sh/FastHub-code-theme-images/git/blobs/d0c172f5bba3573c62f3f58a436e555018a12461,https://github.com/k0shk0sh/FastHub-code-theme-images/blob/master/Dark-Resized/paraiso-light.png
pojoaque.png,Dark-Resized/pojoaque.png,3ebf704d8e9f6a86c4f54fd4611d23920813fe66,114922,https://api.github.com/repos/k0shk0sh/FastHub-code-theme-images/contents/Dark-Resized/pojoaque.png?ref=master,https://github.com/k0shk0sh/FastHub-code-theme-images/blob/master/Dark-Resized/pojoaque.png,https://api.github.com/repos/k0shk0sh/FastHub-code-theme-images/git/blobs/3ebf704d8e9f6a86c4f54fd4611d23920813fe66,https://raw.githubusercontent.com/k0shk0sh/FastHub-code-theme-images/master/Dark-Resized/pojoaque.png,file,https://api.github.com/repos/k0shk0sh/FastHub-code-theme-images/contents/Dark-Resized/pojoaque.png?ref=master,https://api.github.com/repos/k0shk0sh/FastHub-code-theme-images/git/blobs/3ebf704d8e9f6a86c4f54fd4611d23920813fe66,https://github.com/k0shk0sh/FastHub-code-theme-images/blob/master/Dark-Resized/pojoaque.png
prettify.png,Dark-Resized/prettify.png,81ffecf9afe8762e421be17e9531e68dd1a90026,83557,https://api.github.com/repos/k0shk0sh/FastHub-code-theme-images/contents/Dark-Resized/prettify.png?ref=master,https://github.com/k0shk0sh/FastHub-code-theme-images/blob/master/Dark-Resized/prettify.png,https://api.github.com/repos/k0shk0sh/FastHub-code-theme-images/git/blobs/81ffecf9afe8762e421be17e9531e68dd1a90026,https://raw.githubusercontent.com/k0shk0sh/FastHub-code-theme-images/master/Dark-Resized/prettify.png,file,https://api.github.com/repos/k0shk0sh/FastHub-code-theme-images/contents/Dark-Resized/prettify.png?ref=master,https://api.github.com/repos/k0shk0sh/FastHub-code-theme-images/git/blobs/81ffecf9afe8762e421be17e9531e68dd1a90026,https://github.com/k0shk0sh/FastHub-code-theme-images/blob/master/Dark-Resized/prettify.png
prettify_dark.png,Dark-Resized/prettify_dark.png,6219b12bc3ccebf380c10cb1d6b5bbad3b77cb94,111372,https://api.github.com/repos/k0shk0sh/FastHub-code-theme-images/contents/Dark-Resized/prettify_dark.png?ref=master,https://github.com/k0shk0sh/FastHub-code-theme-images/blob/master/Dark-Resized/prettify_dark.png,https://api.github.com/repos/k0shk0sh/FastHub-code-theme-images/git/blobs/6219b12bc3ccebf380c10cb1d6b5bbad3b77cb94,https://raw.githubusercontent.com/k0shk0sh/FastHub-code-theme-images/master/Dark-Resized/prettify_dark.png,file,https://api.github.com/repos/k0shk0sh/FastHub-code-theme-images/contents/Dark-Resized/prettify_dark.png?ref=master,https://api.github.com/repos/k0shk0sh/FastHub-code-theme-images/git/blobs/6219b12bc3ccebf380c10cb1d6b5bbad3b77cb94,https://github.com/k0shk0sh/FastHub-code-theme-images/blob/master/Dark-Resized/prettify_dark.png
purebasic.png,Dark-Resized/purebasic.png,94618ac14b494e658dbbe4535a621162cbe3ab59,93312,https://api.github.com/repos/k0shk0sh/FastHub-code-theme-images/contents/Dark-Resized/purebasic.png?ref=master,https://github.com/k0shk0sh/FastHub-code-theme-images/blob/master/Dark-Resized/purebasic.png,https://api.github.com/repos/k0shk0sh/FastHub-code-theme-images/git/blobs/94618ac14b494e658dbbe4535a621162cbe3ab59,https://raw.githubusercontent.com/k0shk0sh/FastHub-code-theme-images/master/Dark-Resized/purebasic.png,file,https://api.github.com/repos/k0shk0sh/FastHub-code-theme-images/contents/Dark-Resized/purebasic.png?ref=master,https://api.github.com/repos/k0shk0sh/FastHub-code-theme-images/git/blobs/94618ac14b494e658dbbe4535a621162cbe3ab59,https://github.com/k0shk0sh/FastHub-code-theme-images/blob/master/Dark-Resized/purebasic.png
qtcreator_dark.png,Dark-Resized/qtcreator_dark.png,f8451da3d7d1e8bd1fb555401364bdf178a29c3d,112789,https://api.github.com/repos/k0shk0sh/FastHub-code-theme-images/contents/Dark-Resized/qtcreator_dark.png?ref=master,https://github.com/k0shk0sh/FastHub-code-theme-images/blob/master/Dark-Resized/qtcreator_dark.png,https://api.github.com/repos/k0shk0sh/FastHub-code-theme-images/git/blobs/f8451da3d7d1e8bd1fb555401364bdf178a29c3d,https://raw.githubusercontent.com/k0shk0sh/FastHub-code-theme-images/master/Dark-Resized/qtcreator_dark.png,file,https://api.github.com/repos/k0shk0sh/FastHub-code-theme-images/contents/Dark-Resized/qtcreator_dark.png?ref=master,https://api.github.com/repos/k0shk0sh/FastHub-code-theme-images/git/blobs/f8451da3d7d1e8bd1fb555401364bdf178a29c3d,https://github.com/k0shk0sh/FastHub-code-theme-images/blob/master/Dark-Resized/qtcreator_dark.png
qtcreator_light.png,Dark-Resized/qtcreator_light.png,47b691d1a64e8b4572c396771a83a93b5d214e23,93296,https://api.github.com/repos/k0shk0sh/FastHub-code-theme-images/contents/Dark-Resized/qtcreator_light.png?ref=master,https://github.com/k0shk0sh/FastHub-code-theme-images/blob/master/Dark-Resized/qtcreator_light.png,https://api.github.com/repos/k0shk0sh/FastHub-code-theme-images/git/blobs/47b691d1a64e8b4572c396771a83a93b5d214e23,https://raw.githubusercontent.com/k0shk0sh/FastHub-code-theme-images/master/Dark-Resized/qtcreator_light.png,file,https://api.github.com/repos/k0shk0sh/FastHub-code-theme-images/contents/Dark-Resized/qtcreator_light.png?ref=master,https://api.github.com/repos/k0shk0sh/FastHub-code-theme-images/git/blobs/47b691d1a64e8b4572c396771a83a93b5d214e23,https://github.com/k0shk0sh/FastHub-code-theme-images/blob/master/Dark-Resized/qtcreator_light.png
railscasts.png,Dark-Resized/railscasts.png,c8bc8ed508e3988bde657e8aebfc9978742075ab,115468,https://api.github.com/repos/k0shk0sh/FastHub-code-theme-images/contents/Dark-Resized/railscasts.png?ref=master,https://github.com/k0shk0sh/FastHub-code-theme-images/blob/master/Dark-Resized/railscasts.png,https://api.github.com/repos/k0shk0sh/FastHub-code-theme-images/git/blobs/c8bc8ed508e3988bde657e8aebfc9978742075ab,https://raw.githubusercontent.com/k0shk0sh/FastHub-code-theme-images/master/Dark-Resized/railscasts.png,file,https://api.github.com/repos/k0shk0sh/FastHub-code-theme-images/contents/Dark-Resized/railscasts.png?ref=master,https://api.github.com/repos/k0shk0sh/FastHub-code-theme-images/git/blobs/c8bc8ed508e3988bde657e8aebfc9978742075ab,https://github.com/k0shk0sh/FastHub-code-theme-images/blob/master/Dark-Resized/railscasts.png
rainbow.png,Dark-Resized/rainbow.png,c324be6acf0a143d4465877106b8740276940b8a,113886,https://api.github.com/repos/k0shk0sh/FastHub-code-theme-images/contents/Dark-Resized/rainbow.png?ref=master,https://github.com/k0shk0sh/FastHub-code-theme-images/blob/master/Dark-Resized/rainbow.png,https://api.github.com/repos/k0shk0sh/FastHub-code-theme-images/git/blobs/c324be6acf0a143d4465877106b8740276940b8a,https://raw.githubusercontent.com/k0shk0sh/FastHub-code-theme-images/master/Dark-Resized/rainbow.png,file,https://api.github.com/repos/k0shk0sh/FastHub-code-theme-images/contents/Dark-Resized/rainbow.png?ref=master,https://api.github.com/repos/k0shk0sh/FastHub-code-theme-images/git/blobs/c324be6acf0a143d4465877106b8740276940b8a,https://github.com/k0shk0sh/FastHub-code-theme-images/blob/master/Dark-Resized/rainbow.png
routeros.png,Dark-Resized/routeros.png,d4c6e3619681920845723317fb1266c91d6c52f6,95266,https://api.github.com/repos/k0shk0sh/FastHub-code-theme-images/contents/Dark-Resized/routeros.png?ref=master,https://github.com/k0shk0sh/FastHub-code-theme-images/blob/master/Dark-Resized/routeros.png,https://api.github.com/repos/k0shk0sh/FastHub-code-theme-images/git/blobs/d4c6e3619681920845723317fb1266c91d6c52f6,https://raw.githubusercontent.com/k0shk0sh/FastHub-code-theme-images/master/Dark-Resized/routeros.png,file,https://api.github.com/repos/k0shk0sh/FastHub-code-theme-images/contents/Dark-Resized/routeros.png?ref=master,https://api.github.com/repos/k0shk0sh/FastHub-code-theme-images/git/blobs/d4c6e3619681920845723317fb1266c91d6c52f6,https://github.com/k0shk0sh/FastHub-code-theme-images/blob/master/Dark-Resized/routeros.png
school-book.png,Dark-Resized/school-book.png,264cedf6f980deb73eb3152efdd650bf8822e41f,81570,https://api.github.com/repos/k0shk0sh/FastHub-code-theme-images/contents/Dark-Resized/school-book.png?ref=master,https://github.com/k0shk0sh/FastHub-code-theme-images/blob/master/Dark-Resized/school-book.png,https://api.github.com/repos/k0shk0sh/FastHub-code-theme-images/git/blobs/264cedf6f980deb73eb3152efdd650bf8822e41f,https://raw.githubusercontent.com/k0shk0sh/FastHub-code-theme-images/master/Dark-Resized/school-book.png,file,https://api.github.com/repos/k0shk0sh/FastHub-code-theme-images/contents/Dark-Resized/school-book.png?ref=master,https://api.github.com/repos/k0shk0sh/FastHub-code-theme-images/git/blobs/264cedf6f980deb73eb3152efdd650bf8822e41f,https://github.com/k0shk0sh/FastHub-code-theme-images/blob/master/Dark-Resized/school-book.png
solarized-dark.png,Dark-Resized/solarized-dark.png,3983439263104664554f8a6a1186b74d6c96a03d,106819,https://api.github.com/repos/k0shk0sh/FastHub-code-theme-images/contents/Dark-Resized/solarized-dark.png?ref=master,https://github.com/k0shk0sh/FastHub-code-theme-images/blob/master/Dark-Resized/solarized-dark.png,https://api.github.com/repos/k0shk0sh/FastHub-code-theme-images/git/blobs/3983439263104664554f8a6a1186b74d6c96a03d,https://raw.githubusercontent.com/k0shk0sh/FastHub-code-theme-images/master/Dark-Resized/solarized-dark.png,file,https://api.github.com/repos/k0shk0sh/FastHub-code-theme-images/contents/Dark-Resized/solarized-dark.png?ref=master,https://api.github.com/repos/k0shk0sh/FastHub-code-theme-images/git/blobs/3983439263104664554f8a6a1186b74d6c96a03d,https://github.com/k0shk0sh/FastHub-code-theme-images/blob/master/Dark-Resized/solarized-dark.png
solarized-light.png,Dark-Resized/solarized-light.png,cc9cbf9b1b12069694913b208f99a92f8eb21942,104125,https://api.github.com/repos/k0shk0sh/FastHub-code-theme-images/contents/Dark-Resized/solarized-light.png?ref=master,https://github.com/k0shk0sh/FastHub-code-theme-images/blob/master/Dark-Resized/solarized-light.png,https://api.github.com/repos/k0shk0sh/FastHub-code-theme-images/git/blobs/cc9cbf9b1b12069694913b208f99a92f8eb21942,https://raw.githubusercontent.com/k0shk0sh/FastHub-code-theme-images/master/Dark-Resized/solarized-light.png,file,https://api.github.com/repos/k0shk0sh/FastHub-code-theme-images/contents/Dark-Resized/solarized-light.png?ref=master,https://api.github.com/repos/k0shk0sh/FastHub-code-theme-images/git/blobs/cc9cbf9b1b12069694913b208f99a92f8eb21942,https://github.com/k0shk0sh/FastHub-code-theme-images/blob/master/Dark-Resized/solarized-light.png
sunburst.png,Dark-Resized/sunburst.png,a1912f3ceb5f2d614e9247d836c483d5e484dcd7,117533,https://api.github.com/repos/k0shk0sh/FastHub-code-theme-images/contents/Dark-Resized/sunburst.png?ref=master,https://github.com/k0shk0sh/FastHub-code-theme-images/blob/master/Dark-Resized/sunburst.png,https://api.github.com/repos/k0shk0sh/FastHub-code-theme-images/git/blobs/a1912f3ceb5f2d614e9247d836c483d5e484dcd7,https://raw.githubusercontent.com/k0shk0sh/FastHub-code-theme-images/master/Dark-Resized/sunburst.png,file,https://api.github.com/repos/k0shk0sh/FastHub-code-theme-images/contents/Dark-Resized/sunburst.png?ref=master,https://api.github.com/repos/k0shk0sh/FastHub-code-theme-images/git/blobs/a1912f3ceb5f2d614e9247d836c483d5e484dcd7,https://github.com/k0shk0sh/FastHub-code-theme-images/blob/master/Dark-Resized/sunburst.png
tomorrow-night-blue.png,Dark-Resized/tomorrow-night-blue.png,464377cadd72e638a1915161628226fe9cdf80d6,119471,https://api.github.com/repos/k0shk0sh/FastHub-code-theme-images/contents/Dark-Resized/tomorrow-night-blue.png?ref=master,https://github.com/k0shk0sh/FastHub-code-theme-images/blob/master/Dark-Resized/tomorrow-night-blue.png,https://api.github.com/repos/k0shk0sh/FastHub-code-theme-images/git/blobs/464377cadd72e638a1915161628226fe9cdf80d6,https://raw.githubusercontent.com/k0shk0sh/FastHub-code-theme-images/master/Dark-Resized/tomorrow-night-blue.png,file,https://api.github.com/repos/k0shk0sh/FastHub-code-theme-images/contents/Dark-Resized/tomorrow-night-blue.png?ref=master,https://api.github.com/repos/k0shk0sh/FastHub-code-theme-images/git/blobs/464377cadd72e638a1915161628226fe9cdf80d6,https://github.com/k0shk0sh/FastHub-code-theme-images/blob/master/Dark-Resized/tomorrow-night-blue.png
tomorrow-night-bright.png,Dark-Resized/tomorrow-night-bright.png,2b7d4b3b7f3c610bc86d4fa164780863ff8da667,115682,https://api.github.com/repos/k0shk0sh/FastHub-code-theme-images/contents/Dark-Resized/tomorrow-night-bright.png?ref=master,https://github.com/k0shk0sh/FastHub-code-theme-images/blob/master/Dark-Resized/tomorrow-night-bright.png,https://api.github.com/repos/k0shk0sh/FastHub-code-theme-images/git/blobs/2b7d4b3b7f3c610bc86d4fa164780863ff8da667,https://raw.githubusercontent.com/k0shk0sh/FastHub-code-theme-images/master/Dark-Resized/tomorrow-night-bright.png,file,https://api.github.com/repos/k0shk0sh/FastHub-code-theme-images/contents/Dark-Resized/tomorrow-night-bright.png?ref=master,https://api.github.com/repos/k0shk0sh/FastHub-code-theme-images/git/blobs/2b7d4b3b7f3c610bc86d4fa164780863ff8da667,https://github.com/k0shk0sh/FastHub-code-theme-images/blob/master/Dark-Resized/tomorrow-night-bright.png
tomorrow-night-eighties.png,Dark-Resized/tomorrow-night-eighties.png,d7504828ef92da2245608e374461e22c6258b225,113223,https://api.github.com/repos/k0shk0sh/FastHub-code-theme-images/contents/Dark-Resized/tomorrow-night-eighties.png?ref=master,https://github.com/k0shk0sh/FastHub-code-theme-images/blob/master/Dark-Resized/tomorrow-night-eighties.png,https://api.github.com/repos/k0shk0sh/FastHub-code-theme-images/git/blobs/d7504828ef92da2245608e374461e22c6258b225,https://raw.githubusercontent.com/k0shk0sh/FastHub-code-theme-images/master/Dark-Resized/tomorrow-night-eighties.png,file,https://api.github.com/repos/k0shk0sh/FastHub-code-theme-images/contents/Dark-Resized/tomorrow-night-eighties.png?ref=master,https://api.github.com/repos/k0shk0sh/FastHub-code-theme-images/git/blobs/d7504828ef92da2245608e374461e22c6258b225,https://github.com/k0shk0sh/FastHub-code-theme-images/blob/master/Dark-Resized/tomorrow-night-eighties.png
tomorrow-night.png,Dark-Resized/tomorrow-night.png,6219b12bc3ccebf380c10cb1d6b5bbad3b77cb94,111372,https://api.github.com/repos/k0shk0sh/FastHub-code-theme-images/contents/Dark-Resized/tomorrow-night.png?ref=master,https://github.com/k0shk0sh/FastHub-code-theme-images/blob/master/Dark-Resized/tomorrow-night.png,https://api.github.com/repos/k0shk0sh/FastHub-code-theme-images/git/blobs/6219b12bc3ccebf380c10cb1d6b5bbad3b77cb94,https://raw.githubusercontent.com/k0shk0sh/FastHub-code-theme-images/master/Dark-Resized/tomorrow-night.png,file,https://api.github.com/repos/k0shk0sh/FastHub-code-theme-images/contents/Dark-Resized/tomorrow-night.png?ref=master,https://api.github.com/repos/k0shk0sh/FastHub-code-theme-images/git/blobs/6219b12bc3ccebf380c10cb1d6b5bbad3b77cb94,https://github.com/k0shk0sh/FastHub-code-theme-images/blob/master/Dark-Resized/tomorrow-night.png
tomorrow.png,Dark-Resized/tomorrow.png,1a4bdf466c924ad387a28d9ce70965f92bb26e3d,96440,https://api.github.com/repos/k0shk0sh/FastHub-code-theme-images/contents/Dark-Resized/tomorrow.png?ref=master,https://github.com/k0shk0sh/FastHub-code-theme-images/blob/master/Dark-Resized/tomorrow.png,https://api.github.com/repos/k0shk0sh/FastHub-code-theme-images/git/blobs/1a4bdf466c924ad387a28d9ce70965f92bb26e3d,https://raw.githubusercontent.com/k0shk0sh/FastHub-code-theme-images/master/Dark-Resized/tomorrow.png,file,https://api.github.com/repos/k0shk0sh/FastHub-code-theme-images/contents/Dark-Resized/tomorrow.png?ref=master,https://api.github.com/repos/k0shk0sh/FastHub-code-theme-images/git/blobs/1a4bdf466c924ad387a28d9ce70965f92bb26e3d,https://github.com/k0shk0sh/FastHub-code-theme-images/blob/master/Dark-Resized/tomorrow.png
vs.png,Dark-Resized/vs.png,6d2d5278f696793826bdd465adc00df5215e9def,91722,https://api.github.com/repos/k0shk0sh/FastHub-code-theme-images/contents/Dark-Resized/vs.png?ref=master,https://github.com/k0shk0sh/FastHub-code-theme-images/blob/master/Dark-Resized/vs.png,https://api.github.com/repos/k0shk0sh/FastHub-code-theme-images/git/blobs/6d2d5278f696793826bdd465adc00df5215e9def,https://raw.githubusercontent.com/k0shk0sh/FastHub-code-theme-images/master/Dark-Resized/vs.png,file,https://api.github.com/repos/k0shk0sh/FastHub-code-theme-images/contents/Dark-Resized/vs.png?ref=master,https://api.github.com/repos/k0shk0sh/FastHub-code-theme-images/git/blobs/6d2d5278f696793826bdd465adc00df5215e9def,https://github.com/k0shk0sh/FastHub-code-theme-images/blob/master/Dark-Resized/vs.png
vs2015.png,Dark-Resized/vs2015.png,df4e2de73710336c2ad1f650b6820b7cc24d5b97,112987,https://api.github.com/repos/k0shk0sh/FastHub-code-theme-images/contents/Dark-Resized/vs2015.png?ref=master,https://github.com/k0shk0sh/FastHub-code-theme-images/blob/master/Dark-Resized/vs2015.png,https://api.github.com/repos/k0shk0sh/FastHub-code-theme-images/git/blobs/df4e2de73710336c2ad1f650b6820b7cc24d5b97,https://raw.githubusercontent.com/k0shk0sh/FastHub-code-theme-images/master/Dark-Resized/vs2015.png,file,https://api.github.com/repos/k0shk0sh/FastHub-code-theme-images/contents/Dark-Resized/vs2015.png?ref=master,https://api.github.com/repos/k0shk0sh/FastHub-code-theme-images/git/blobs/df4e2de73710336c2ad1f650b6820b7cc24d5b97,https://github.com/k0shk0sh/FastHub-code-theme-images/blob/master/Dark-Resized/vs2015.png
xcode.png,Dark-Resized/xcode.png,0c3bfed2b36a1ac94348c1c17f88c0ce1e76fb4a,93044,https://api.github.com/repos/k0shk0sh/FastHub-code-theme-images/contents/Dark-Resized/xcode.png?ref=master,https://github.com/k0shk0sh/FastHub-code-theme-images/blob/master/Dark-Resized/xcode.png,https://api.github.com/repos/k0shk0sh/FastHub-code-theme-images/git/blobs/0c3bfed2b36a1ac94348c1c17f88c0ce1e76fb4a,https://raw.githubusercontent.com/k0shk0sh/FastHub-code-theme-images/master/Dark-Resized/xcode.png,file,https://api.github.com/repos/k0shk0sh/FastHub-code-theme-images/contents/Dark-Resized/xcode.png?ref=master,https://api.github.com/repos/k0shk0sh/FastHub-code-theme-images/git/blobs/0c3bfed2b36a1ac94348c1c17f88c0ce1e76fb4a,https://github.com/k0shk0sh/FastHub-code-theme-images/blob/master/Dark-Resized/xcode.png
xt256.png,Dark-Resized/xt256.png,c4cb8133f8c5660a262f8f10f80709bd08c55b47,124122,https://api.github.com/repos/k0shk0sh/FastHub-code-theme-images/contents/Dark-Resized/xt256.png?ref=master,https://github.com/k0shk0sh/FastHub-code-theme-images/blob/master/Dark-Resized/xt256.png,https://api.github.com/repos/k0shk0sh/FastHub-code-theme-images/git/blobs/c4cb8133f8c5660a262f8f10f80709bd08c55b47,https://raw.githubusercontent.com/k0shk0sh/FastHub-code-theme-images/master/Dark-Resized/xt256.png,file,https://api.github.com/repos/k0shk0sh/FastHub-code-theme-images/contents/Dark-Resized/xt256.png?ref=master,https://api.github.com/repos/k0shk0sh/FastHub-code-theme-images/git/blobs/c4cb8133f8c5660a262f8f10f80709bd08c55b47,https://github.com/k0shk0sh/FastHub-code-theme-images/blob/master/Dark-Resized/xt256.png
zenburn.png,Dark-Resized/zenburn.png,eb5f0aa3a575a0422c7a120f427ee50baf725a66,115312,https://api.github.com/repos/k0shk0sh/FastHub-code-theme-images/contents/Dark-Resized/zenburn.png?ref=master,https://github.com/k0shk0sh/FastHub-code-theme-images/blob/master/Dark-Resized/zenburn.png,https://api.github.com/repos/k0shk0sh/FastHub-code-theme-images/git/blobs/eb5f0aa3a575a0422c7a120f427ee50baf725a66,https://raw.githubusercontent.com/k0shk0sh/FastHub-code-theme-images/master/Dark-Resized/zenburn.png,file,https://api.github.com/repos/k0shk0sh/FastHub-code-theme-images/contents/Dark-Resized/zenburn.png?ref=master,https://api.github.com/repos/k0shk0sh/FastHub-code-theme-images/git/blobs/eb5f0aa3a575a0422c7a120f427ee50baf725a66,https://github.com/k0shk0sh/FastHub-code-theme-images/blob/master/Dark-Resized/zenburn.png
